{"train_loss": 0.03991830721497536, "epoch": 282, "_timestamp": 1722942209.8851175, "_runtime": 431.3563094139099, "_step": 282, "_wandb": {"runtime": 430}}